[
  {
    "id": "53fba81a-140c-4c3f-aab8-8c0ea1c5c83d",
    "data": [
      {
        "text": "I want to talk to LCDP Fun Trivia Challenge",
        "userDefined": false
      }
    ],
    "isTemplate": false,
    "count": 0,
    "updated": 0
  },
  {
    "id": "c6b15cfa-ac09-4f64-afc5-f2fa9043c817",
    "data": [
      {
        "text": "Speak to LCDP Fun Trivia Challenge",
        "userDefined": false
      }
    ],
    "isTemplate": false,
    "count": 0,
    "updated": 0
  },
  {
    "id": "ce5a6515-3814-4609-a38f-6274b66c9282",
    "data": [
      {
        "text": "Talk to LCDP Fun Trivia Challenge",
        "userDefined": false
      }
    ],
    "isTemplate": false,
    "count": 0,
    "updated": 0
  }
]