[
  {
    "id": "4bff60f1-0749-49e3-b129-e42334279c43",
    "data": [
      {
        "text": "I want to talk to LCDP Fun Trivia Challenge",
        "userDefined": false
      }
    ],
    "isTemplate": false,
    "count": 0,
    "updated": 0
  },
  {
    "id": "e9f4dd9e-a395-4ad3-b0ef-04262a560cb4",
    "data": [
      {
        "text": "Speak to LCDP Fun Trivia Challenge",
        "userDefined": false
      }
    ],
    "isTemplate": false,
    "count": 0,
    "updated": 0
  },
  {
    "id": "a17ac74d-fe57-4ad2-a386-72c94584667d",
    "data": [
      {
        "text": "Talk to LCDP Fun Trivia Challenge",
        "userDefined": false
      }
    ],
    "isTemplate": false,
    "count": 0,
    "updated": 0
  }
]