[
  {
    "id": "94bf6363-75b5-4d36-8da4-09d4c8796ec9",
    "data": [
      {
        "text": "Cider factory owner",
        "userDefined": false
      }
    ],
    "isTemplate": false,
    "count": 0,
    "updated": 0
  },
  {
    "id": "b95c7078-efee-4763-90a9-c7662cfc2a56",
    "data": [
      {
        "text": "Move to question ",
        "userDefined": false
      },
      {
        "text": "6",
        "alias": "number",
        "meta": "@sys.number",
        "userDefined": false
      }
    ],
    "isTemplate": false,
    "count": 0,
    "updated": 0
  }
]