[
  {
    "id": "3eaffb39-e55f-4117-821b-d0a72123a41f",
    "data": [
      {
        "text": "Cider factory owner",
        "userDefined": false
      }
    ],
    "isTemplate": false,
    "count": 0,
    "updated": 0
  },
  {
    "id": "1c2eb9c3-db43-4af8-b64e-414af75f070c",
    "data": [
      {
        "text": "Move to question ",
        "userDefined": false
      },
      {
        "text": "6",
        "alias": "number",
        "meta": "@sys.number",
        "userDefined": false
      }
    ],
    "isTemplate": false,
    "count": 0,
    "updated": 0
  }
]