[
  {
    "id": "07b0a2d1-1f3e-417f-aa24-0f78646d0232",
    "data": [
      {
        "text": "Want to play again?",
        "userDefined": false
      }
    ],
    "isTemplate": false,
    "count": 0,
    "updated": 0
  },
  {
    "id": "ecdfc776-7b74-46df-abf7-b34dda4a937d",
    "data": [
      {
        "text": "Sea",
        "userDefined": false
      }
    ],
    "isTemplate": false,
    "count": 0,
    "updated": 0
  },
  {
    "id": "29cbc3ea-96dd-4aee-a662-d88da0bc9d0a",
    "data": [
      {
        "text": "Ocean",
        "userDefined": false
      }
    ],
    "isTemplate": false,
    "count": 0,
    "updated": 0
  },
  {
    "id": "12a9dc34-e7f6-40b7-8147-12a37c7c0c7e",
    "data": [
      {
        "text": "Oceans",
        "userDefined": false
      }
    ],
    "isTemplate": false,
    "count": 0,
    "updated": 0
  }
]