[
  {
    "id": "49087ac9-4981-4a53-b317-6b2a97e3a402",
    "data": [
      {
        "text": "Yeah sure",
        "userDefined": false
      }
    ],
    "isTemplate": false,
    "count": 0,
    "updated": 0
  },
  {
    "id": "9382c652-b308-4c23-9b38-7ad3feb97fac",
    "data": [
      {
        "text": "Yes I would like to play",
        "userDefined": false
      }
    ],
    "isTemplate": false,
    "count": 0,
    "updated": 0
  },
  {
    "id": "dfa4a659-4740-4abd-a808-fece7dcfb876",
    "data": [
      {
        "text": "Yes sure",
        "userDefined": false
      }
    ],
    "isTemplate": false,
    "count": 0,
    "updated": 0
  },
  {
    "id": "d360b5aa-093d-4e54-8472-df7d000a7c11",
    "data": [
      {
        "text": "Yeah",
        "userDefined": false
      }
    ],
    "isTemplate": false,
    "count": 0,
    "updated": 0
  },
  {
    "id": "94634d44-d28d-4161-8338-375bf8c4769b",
    "data": [
      {
        "text": "Yes",
        "userDefined": false
      }
    ],
    "isTemplate": false,
    "count": 0,
    "updated": 0
  }
]