[
  {
    "id": "5f0c8f5c-8bc5-4fdc-bee7-701941538250",
    "data": [
      {
        "text": "18",
        "alias": "number",
        "meta": "@sys.number",
        "userDefined": false
      }
    ],
    "isTemplate": false,
    "count": 0,
    "updated": 0
  },
  {
    "id": "41f58339-b01b-4661-b970-51c2327b6edf",
    "data": [
      {
        "text": "26",
        "alias": "number",
        "meta": "@sys.number",
        "userDefined": false
      }
    ],
    "isTemplate": false,
    "count": 0,
    "updated": 0
  }
]