[
  {
    "id": "2be971ed-beb1-49d8-84e4-545d88f56999",
    "data": [
      {
        "text": "season hard",
        "userDefined": false
      }
    ],
    "isTemplate": false,
    "count": 0,
    "updated": 0
  },
  {
    "id": "ec8705d8-79eb-43ce-bd2c-62536b75f3ab",
    "data": [
      {
        "text": "hard",
        "userDefined": false
      }
    ],
    "isTemplate": false,
    "count": 0,
    "updated": 0
  },
  {
    "id": "18bae6bf-0991-47f1-9f0a-8138ae84db0c",
    "data": [
      {
        "text": "Season 1 hard",
        "userDefined": false
      }
    ],
    "isTemplate": false,
    "count": 0,
    "updated": 0
  }
]