[
  {
    "id": "749ee4eb-afbe-446e-a189-9c17ff90bc3e",
    "data": [
      {
        "text": "Move to question ",
        "userDefined": false
      },
      {
        "text": "4",
        "alias": "answer",
        "meta": "@answer",
        "userDefined": false
      }
    ],
    "isTemplate": false,
    "count": 0,
    "updated": 0
  },
  {
    "id": "74332299-5ef0-4c73-9a15-b05fb7d037d2",
    "data": [
      {
        "text": "Álvaro Morte",
        "userDefined": false
      }
    ],
    "isTemplate": false,
    "count": 0,
    "updated": 0
  }
]