[
  {
    "id": "9e3ef9bf-5aad-4354-9dbc-b5d3dc381e7b",
    "data": [
      {
        "text": "Move to question ",
        "userDefined": false
      },
      {
        "text": "2",
        "alias": "number",
        "meta": "@sys.number",
        "userDefined": false
      }
    ],
    "isTemplate": false,
    "count": 0,
    "updated": 0
  },
  {
    "id": "3d5c0d0a-fa20-4102-93a8-f94dbfbc2bfc",
    "data": [
      {
        "text": "2017",
        "alias": "number",
        "meta": "@sys.number",
        "userDefined": false
      }
    ],
    "isTemplate": false,
    "count": 0,
    "updated": 0
  }
]