[
  {
    "id": "4c7fb4fb-43ec-4c08-b449-1946db8b02e6",
    "data": [
      {
        "text": "Move to question ",
        "userDefined": false
      },
      {
        "text": "3",
        "alias": "number",
        "meta": "@sys.number",
        "userDefined": false
      }
    ],
    "isTemplate": false,
    "count": 0,
    "updated": 0
  },
  {
    "id": "019d294a-3fa8-40e6-acb8-77f17bf13afc",
    "data": [
      {
        "text": "Madrid",
        "userDefined": false
      }
    ],
    "isTemplate": false,
    "count": 0,
    "updated": 0
  }
]