[
  {
    "id": "cb3a85f6-864a-427f-99b9-6b8140154eb5",
    "data": [
      {
        "text": "Season ",
        "userDefined": false
      },
      {
        "text": "4",
        "alias": "number",
        "meta": "@sys.number",
        "userDefined": false
      },
      {
        "text": " medium",
        "userDefined": false
      }
    ],
    "isTemplate": false,
    "count": 0,
    "updated": 0
  },
  {
    "id": "b9e4b0fa-5226-44d5-ba7f-6f779b467feb",
    "data": [
      {
        "text": "Medium",
        "userDefined": false
      }
    ],
    "isTemplate": false,
    "count": 0,
    "updated": 0
  }
]