[
  {
    "id": "43ec32f1-5703-4568-8c4f-7e40efa3457a",
    "data": [
      {
        "text": "Move to question ",
        "userDefined": false
      },
      {
        "text": "4",
        "alias": "answer",
        "meta": "@answer",
        "userDefined": false
      }
    ],
    "isTemplate": false,
    "count": 0,
    "updated": 0
  },
  {
    "id": "ee02c84c-be63-4743-95e2-fb0a5e9ab673",
    "data": [
      {
        "text": "Professor",
        "userDefined": false
      }
    ],
    "isTemplate": false,
    "count": 0,
    "updated": 0
  }
]