[
  {
    "id": "8c6fdfbb-780a-4142-ab22-4c4d55976a49",
    "data": [
      {
        "text": "Chinese Blackmarket",
        "userDefined": false
      }
    ],
    "isTemplate": false,
    "count": 0,
    "updated": 0
  },
  {
    "id": "ecae4e51-05aa-40e5-990f-48a795504d09",
    "data": [
      {
        "text": "Poland",
        "alias": "geo-country",
        "meta": "@sys.geo-country",
        "userDefined": false
      }
    ],
    "isTemplate": false,
    "count": 0,
    "updated": 0
  }
]