[
  {
    "id": "3bf266d7-bdee-4a79-8f07-cc30172f5889",
    "data": [
      {
        "text": "Move to question ",
        "userDefined": false
      },
      {
        "text": "3",
        "alias": "number",
        "meta": "@sys.number",
        "userDefined": false
      }
    ],
    "isTemplate": false,
    "count": 0,
    "updated": 0
  },
  {
    "id": "b83e2a4a-c900-431a-ae60-3f9f4e8a1b64",
    "data": [
      {
        "text": "Najwa Nimri",
        "userDefined": false
      }
    ],
    "isTemplate": false,
    "count": 0,
    "updated": 0
  }
]