[
  {
    "id": "a7f7e500-b502-493f-8ccb-5c891f881813",
    "data": [
      {
        "text": "Risk Analytics Expert",
        "userDefined": false
      }
    ],
    "isTemplate": false,
    "count": 0,
    "updated": 0
  },
  {
    "id": "c6be152e-67ee-4b0e-88ad-7c3736cefe63",
    "data": [
      {
        "text": "Move to question ",
        "userDefined": false
      },
      {
        "text": "5",
        "meta": "@sys.ignore",
        "userDefined": false
      }
    ],
    "isTemplate": false,
    "count": 0,
    "updated": 0
  }
]