[
  {
    "id": "5c002593-bc1a-42f1-b4f7-973db0f33587",
    "data": [
      {
        "text": "Move to question ",
        "userDefined": false
      },
      {
        "text": "3",
        "alias": "number",
        "meta": "@sys.number",
        "userDefined": false
      }
    ],
    "isTemplate": false,
    "count": 0,
    "updated": 0
  },
  {
    "id": "1d9ab694-d379-4c0f-9db3-babc68093f3e",
    "data": [
      {
        "text": "Maserati",
        "userDefined": false
      }
    ],
    "isTemplate": false,
    "count": 0,
    "updated": 0
  }
]