[
  {
    "id": "692033d6-8257-4802-9095-c2af165700b2",
    "data": [
      {
        "text": "Seven",
        "meta": "@sys.ignore",
        "userDefined": false
      }
    ],
    "isTemplate": false,
    "count": 0,
    "updated": 0
  },
  {
    "id": "10168eae-e404-40f7-9ccd-2fde11e87007",
    "data": [
      {
        "text": "Ten",
        "meta": "@sys.ignore",
        "userDefined": false
      }
    ],
    "isTemplate": false,
    "count": 0,
    "updated": 0
  },
  {
    "id": "550e8309-2249-4f97-ad74-700cd0839cd2",
    "data": [
      {
        "text": "Nine",
        "meta": "@sys.ignore",
        "userDefined": false
      }
    ],
    "isTemplate": false,
    "count": 0,
    "updated": 0
  }
]