[
  {
    "id": "03767f43-48ba-4438-b6f2-da4d3f13767b",
    "data": [
      {
        "text": "Season4",
        "userDefined": false
      }
    ],
    "isTemplate": false,
    "count": 0,
    "updated": 0
  },
  {
    "id": "d359e576-63fc-4e89-826c-069e33d0d152",
    "data": [
      {
        "text": "Season ",
        "userDefined": false
      },
      {
        "text": "4",
        "meta": "@sys.ignore",
        "userDefined": false
      }
    ],
    "isTemplate": false,
    "count": 0,
    "updated": 0
  }
]