[
  {
    "id": "1e04e90f-8808-4a40-bacb-b3d73cbe0002",
    "data": [
      {
        "text": "Season ",
        "userDefined": false
      },
      {
        "text": "2",
        "alias": "number",
        "meta": "@sys.number",
        "userDefined": false
      }
    ],
    "isTemplate": false,
    "count": 0,
    "updated": 0
  },
  {
    "id": "4e3e96f4-9380-4782-95bc-30dd8c212a98",
    "data": [
      {
        "text": "Season",
        "userDefined": false
      },
      {
        "text": "2",
        "alias": "number",
        "meta": "@sys.number",
        "userDefined": false
      }
    ],
    "isTemplate": false,
    "count": 0,
    "updated": 0
  }
]