[
  {
    "id": "14e950d9-249f-4e2f-b72c-a640899d2cf3",
    "data": [
      {
        "text": "Move to question ",
        "userDefined": false
      },
      {
        "text": "3",
        "alias": "number",
        "meta": "@sys.number",
        "userDefined": false
      }
    ],
    "isTemplate": false,
    "count": 0,
    "updated": 0
  },
  {
    "id": "980f8c14-db27-488e-9ace-bcf45bc9a7b3",
    "data": [
      {
        "text": "berlin",
        "userDefined": false
      }
    ],
    "isTemplate": false,
    "count": 0,
    "updated": 0
  },
  {
    "id": "93c445e4-76af-4f38-88d2-413e35abecfe",
    "data": [
      {
        "text": "tokyo",
        "userDefined": false
      }
    ],
    "isTemplate": false,
    "count": 0,
    "updated": 0
  },
  {
    "id": "fee73d64-a0b1-4448-9ff0-198c60e80cfd",
    "data": [
      {
        "text": "Tokyo and Berlin",
        "userDefined": false
      }
    ],
    "isTemplate": false,
    "count": 0,
    "updated": 0
  }
]