[
  {
    "id": "bd96e11c-bde1-43a6-a509-e2c7e0453bab",
    "data": [
      {
        "text": "hard",
        "userDefined": false
      }
    ],
    "isTemplate": false,
    "count": 0,
    "updated": 0
  },
  {
    "id": "43bd75b9-36e1-4ba8-95e3-6cd44dfbb51f",
    "data": [
      {
        "text": "season 3 hard",
        "userDefined": false
      }
    ],
    "isTemplate": false,
    "count": 0,
    "updated": 0
  },
  {
    "id": "cac0224f-2f44-4aa2-9a86-9a42a9f695ee",
    "data": [
      {
        "text": "season hard",
        "userDefined": false
      }
    ],
    "isTemplate": false,
    "count": 0,
    "updated": 0
  }
]