[
  {
    "id": "b4d4bfb6-4a72-4625-b1aa-87443d4b8f07",
    "data": [
      {
        "text": "season hard",
        "userDefined": false
      }
    ],
    "isTemplate": false,
    "count": 0,
    "updated": 0
  },
  {
    "id": "1c3496d0-865c-44e5-a875-7762c3ee34db",
    "data": [
      {
        "text": "hard",
        "userDefined": false
      }
    ],
    "isTemplate": false,
    "count": 0,
    "updated": 0
  },
  {
    "id": "7f135b7b-79f5-4dcb-9454-f2c524ca39f6",
    "data": [
      {
        "text": "Season 1 hard",
        "userDefined": false
      }
    ],
    "isTemplate": false,
    "count": 0,
    "updated": 0
  }
]