[
  {
    "id": "8d93fe03-4f02-4e2f-b2e0-8a9a4d583b43",
    "data": [
      {
        "text": "Move to question ",
        "userDefined": false
      },
      {
        "text": "5",
        "alias": "number",
        "meta": "@sys.number",
        "userDefined": false
      }
    ],
    "isTemplate": false,
    "count": 0,
    "updated": 0
  },
  {
    "id": "a894fca9-a367-4a44-b358-0aa8675d548d",
    "data": [
      {
        "text": "Raquel",
        "userDefined": false
      }
    ],
    "isTemplate": false,
    "count": 0,
    "updated": 0
  }
]