[
  {
    "id": "990945be-931c-45d4-963e-e353a4c3b0c7",
    "data": [
      {
        "text": "Season ",
        "userDefined": false
      },
      {
        "text": "4",
        "alias": "number",
        "meta": "@sys.number",
        "userDefined": false
      },
      {
        "text": " medium",
        "userDefined": false
      }
    ],
    "isTemplate": false,
    "count": 0,
    "updated": 0
  },
  {
    "id": "1e67b842-4561-4201-a681-5d90103c7ff3",
    "data": [
      {
        "text": "Medium",
        "userDefined": false
      }
    ],
    "isTemplate": false,
    "count": 0,
    "updated": 0
  }
]