[
  {
    "id": "912e3875-9c3f-462c-bbbb-3364657a6cb6",
    "data": [
      {
        "text": "Ti Amo",
        "userDefined": false
      }
    ],
    "isTemplate": false,
    "count": 0,
    "updated": 0
  },
  {
    "id": "213133f4-88f3-4cae-ba51-8b3fcd8bbedd",
    "data": [
      {
        "text": "Move to question ",
        "userDefined": false
      },
      {
        "text": "7",
        "alias": "number",
        "meta": "@sys.number",
        "userDefined": false
      }
    ],
    "isTemplate": false,
    "count": 0,
    "updated": 0
  }
]