[
  {
    "id": "0b24b645-76dd-40b3-a4f2-e0b492bcd0f3",
    "data": [
      {
        "text": "460 Kilos",
        "alias": "unit-weight",
        "meta": "@sys.unit-weight",
        "userDefined": false
      }
    ],
    "isTemplate": false,
    "count": 0,
    "updated": 0
  },
  {
    "id": "3440f10c-cb13-44d5-9581-26cf0f0e664c",
    "data": [
      {
        "text": "Move to question ",
        "userDefined": false
      },
      {
        "text": "5",
        "alias": "number",
        "meta": "@sys.number",
        "userDefined": false
      }
    ],
    "isTemplate": false,
    "count": 0,
    "updated": 0
  }
]