[
  {
    "id": "24409e30-d549-4a51-9e9e-c59a60aebe3f",
    "data": [
      {
        "text": "Want to play again?",
        "userDefined": false
      }
    ],
    "isTemplate": false,
    "count": 0,
    "updated": 0
  },
  {
    "id": "07cdd375-4583-4ff6-be83-707b0d767130",
    "data": [
      {
        "text": "Sea",
        "userDefined": false
      }
    ],
    "isTemplate": false,
    "count": 0,
    "updated": 0
  },
  {
    "id": "663902c7-fbd3-48e7-916f-f650a0f470d0",
    "data": [
      {
        "text": "Ocean",
        "userDefined": false
      }
    ],
    "isTemplate": false,
    "count": 0,
    "updated": 0
  },
  {
    "id": "63317c62-b4fd-4bf5-8270-846a8991f605",
    "data": [
      {
        "text": "Oceans",
        "userDefined": false
      }
    ],
    "isTemplate": false,
    "count": 0,
    "updated": 0
  }
]