[
  {
    "id": "d02faf39-3004-4f9e-8976-bf1fa4e5a94f",
    "data": [
      {
        "text": "Martin",
        "userDefined": false
      }
    ],
    "isTemplate": false,
    "count": 0,
    "updated": 0
  },
  {
    "id": "1e8f6cde-17bf-4d47-be54-af9a5506f132",
    "data": [
      {
        "text": "Move to question ",
        "userDefined": false
      },
      {
        "text": "6",
        "alias": "number",
        "meta": "@sys.number",
        "userDefined": false
      }
    ],
    "isTemplate": false,
    "count": 0,
    "updated": 0
  }
]