[
  {
    "id": "2b743f9b-6df4-46c0-a3d1-6f83358a9b89",
    "data": [
      {
        "text": "Colonel ",
        "userDefined": false
      },
      {
        "text": "Rubio",
        "meta": "@sys.ignore",
        "userDefined": false
      }
    ],
    "isTemplate": false,
    "count": 0,
    "updated": 0
  },
  {
    "id": "91a6d2e2-941a-493d-bbbc-a713b41683b8",
    "data": [
      {
        "text": "Colonel Prieto",
        "userDefined": false
      }
    ],
    "isTemplate": false,
    "count": 0,
    "updated": 0
  }
]