[
  {
    "id": "0645cb45-80b4-4280-a7a8-e506dfdf09e8",
    "data": [
      {
        "text": "Nairobi and Helsinki",
        "userDefined": false
      }
    ],
    "isTemplate": false,
    "count": 0,
    "updated": 0
  },
  {
    "id": "0de9db2c-d9f2-4d13-bf98-3415662ea6b7",
    "data": [
      {
        "text": "Moscow and ",
        "userDefined": false
      },
      {
        "text": "Denver",
        "meta": "@sys.ignore",
        "userDefined": false
      }
    ],
    "isTemplate": false,
    "count": 0,
    "updated": 0
  }
]