[
  {
    "id": "c6bcdac6-5f9c-4d48-b478-a2c30c1b9e5e",
    "data": [
      {
        "text": "Move to question 4",
        "userDefined": false
      }
    ],
    "isTemplate": false,
    "count": 0,
    "updated": 0
  },
  {
    "id": "d30cbd66-cfea-4689-aee3-7ba9c9142392",
    "data": [
      {
        "text": "Sergio",
        "userDefined": false
      }
    ],
    "isTemplate": false,
    "count": 0,
    "updated": 0
  },
  {
    "id": "d60b84d9-87e6-486b-8755-2d36fa15a640",
    "data": [
      {
        "text": "Sergio Marquina",
        "userDefined": false
      }
    ],
    "isTemplate": false,
    "count": 0,
    "updated": 0
  }
]