[
  {
    "id": "c23b3fc6-ac2c-4ff5-a574-16615f3bfa4d",
    "data": [
      {
        "text": "Colonel ",
        "userDefined": false
      },
      {
        "text": "Rubio",
        "meta": "@sys.ignore",
        "userDefined": false
      }
    ],
    "isTemplate": false,
    "count": 0,
    "updated": 0
  },
  {
    "id": "5e06ded1-8938-4721-8933-c9ca3f98fc84",
    "data": [
      {
        "text": "Colonel Prieto",
        "userDefined": false
      }
    ],
    "isTemplate": false,
    "count": 0,
    "updated": 0
  }
]