[
  {
    "id": "dcd9734f-eece-4dd2-97e8-7a83392bdd07",
    "data": [
      {
        "text": "Move to question ",
        "userDefined": false
      },
      {
        "text": "4",
        "meta": "@sys.ignore",
        "userDefined": false
      }
    ],
    "isTemplate": false,
    "count": 0,
    "updated": 0
  },
  {
    "id": "9ef9347f-fa3f-4448-aed1-cfc80ad88d48",
    "data": [
      {
        "text": "One Million Euros",
        "userDefined": false
      }
    ],
    "isTemplate": false,
    "count": 0,
    "updated": 0
  }
]