[
  {
    "id": "5d8d85e6-21eb-42a3-b737-fc68896f2149",
    "data": [
      {
        "text": "Move to question ",
        "userDefined": false
      },
      {
        "text": "4",
        "meta": "@sys.ignore",
        "userDefined": false
      }
    ],
    "isTemplate": false,
    "count": 0,
    "updated": 0
  },
  {
    "id": "c59f054e-fd18-4ebf-a87d-ba3c00a659cc",
    "data": [
      {
        "text": "Bogota",
        "userDefined": false
      }
    ],
    "isTemplate": false,
    "count": 0,
    "updated": 0
  }
]