[
  {
    "id": "bec004a9-f26a-4d85-83c3-ab497f66938d",
    "data": [
      {
        "text": "Move to question ",
        "userDefined": false
      },
      {
        "text": "2",
        "alias": "number",
        "meta": "@sys.number",
        "userDefined": false
      }
    ],
    "isTemplate": false,
    "count": 0,
    "updated": 0
  },
  {
    "id": "c59c158a-e2eb-4487-8cd9-0722da7393bc",
    "data": [
      {
        "text": "Your Lover Boy",
        "userDefined": false
      }
    ],
    "isTemplate": false,
    "count": 0,
    "updated": 0
  }
]