[
  {
    "id": "70a52bb4-6590-4416-88f3-0fdb0ba91af2",
    "data": [
      {
        "text": "British ambassador\u0027s kid",
        "userDefined": false
      }
    ],
    "isTemplate": false,
    "count": 0,
    "updated": 0
  },
  {
    "id": "4c331765-caf8-43ca-afc1-86a8854fbc83",
    "data": [
      {
        "text": "kid of British ambassador",
        "userDefined": false
      }
    ],
    "isTemplate": false,
    "count": 0,
    "updated": 0
  },
  {
    "id": "660ec7e3-794f-4cd0-aa2a-3075992b81ff",
    "data": [
      {
        "text": "Want to play again?",
        "userDefined": false
      }
    ],
    "isTemplate": false,
    "count": 0,
    "updated": 0
  }
]