[
  {
    "id": "f4985478-8dfe-4f83-9176-321e06bc7c87",
    "data": [
      {
        "text": "quit",
        "userDefined": false
      }
    ],
    "isTemplate": false,
    "count": 0,
    "updated": 0
  },
  {
    "id": "7dd984cb-4c40-405b-9016-3af0a14a44b3",
    "data": [
      {
        "text": "exit",
        "userDefined": false
      }
    ],
    "isTemplate": false,
    "count": 0,
    "updated": 0
  },
  {
    "id": "5179f234-af21-4c9e-bf0b-08451b27cfc0",
    "data": [
      {
        "text": "No thank you",
        "userDefined": false
      }
    ],
    "isTemplate": false,
    "count": 0,
    "updated": 0
  },
  {
    "id": "96b03895-c26d-4444-85f5-2515d5e36275",
    "data": [
      {
        "text": "No",
        "userDefined": false
      }
    ],
    "isTemplate": false,
    "count": 0,
    "updated": 0
  }
]