[
  {
    "id": "cafd0078-5f34-46be-a1b1-37da69e94f66",
    "data": [
      {
        "text": "Ti Amo",
        "userDefined": false
      }
    ],
    "isTemplate": false,
    "count": 0,
    "updated": 0
  },
  {
    "id": "8401624d-e784-4426-94a7-611c93958509",
    "data": [
      {
        "text": "Move to question ",
        "userDefined": false
      },
      {
        "text": "7",
        "alias": "number",
        "meta": "@sys.number",
        "userDefined": false
      }
    ],
    "isTemplate": false,
    "count": 0,
    "updated": 0
  }
]