[
  {
    "id": "8da9a16a-e681-45ee-9d5a-3ed4b2608ffe",
    "data": [
      {
        "text": "Move to question ",
        "userDefined": false
      },
      {
        "text": "2",
        "meta": "@sys.ignore",
        "userDefined": false
      }
    ],
    "isTemplate": false,
    "count": 0,
    "updated": 0
  },
  {
    "id": "d41bf3ee-d55e-4cda-974e-d43febf5bbed",
    "data": [
      {
        "text": "Manila",
        "userDefined": false
      }
    ],
    "isTemplate": false,
    "count": 0,
    "updated": 0
  }
]