[
  {
    "id": "1096535c-fcdd-43d6-a35f-772fe8755839",
    "data": [
      {
        "text": "Move to question ",
        "userDefined": false
      },
      {
        "text": "2",
        "alias": "number",
        "meta": "@sys.number",
        "userDefined": false
      }
    ],
    "isTemplate": false,
    "count": 0,
    "updated": 0
  },
  {
    "id": "6ae617d5-000e-4817-9d39-5c04da2b3bd3",
    "data": [
      {
        "text": "Philippines",
        "userDefined": false
      }
    ],
    "isTemplate": false,
    "count": 0,
    "updated": 0
  }
]