[
  {
    "id": "29569b65-65a4-46c0-bd9a-d9b1fe4198c6",
    "data": [
      {
        "text": "quit",
        "userDefined": false
      }
    ],
    "isTemplate": false,
    "count": 0,
    "updated": 0
  },
  {
    "id": "fe15ba36-3991-43ca-90da-6086e9178a5c",
    "data": [
      {
        "text": "exit",
        "userDefined": false
      }
    ],
    "isTemplate": false,
    "count": 0,
    "updated": 0
  },
  {
    "id": "b8ca92ed-5025-4eea-ba52-ad2a4a87383e",
    "data": [
      {
        "text": "No thank you",
        "userDefined": false
      }
    ],
    "isTemplate": false,
    "count": 0,
    "updated": 0
  },
  {
    "id": "6a8035b9-ffda-4c4d-b1f7-b9dafc33411b",
    "data": [
      {
        "text": "No",
        "userDefined": false
      }
    ],
    "isTemplate": false,
    "count": 0,
    "updated": 0
  }
]