[
  {
    "id": "8e4740fa-a05c-43ec-950d-819c60a41373",
    "data": [
      {
        "text": "Move to question ",
        "userDefined": false
      },
      {
        "text": "3",
        "meta": "@sys.ignore",
        "userDefined": false
      }
    ],
    "isTemplate": false,
    "count": 0,
    "updated": 0
  },
  {
    "id": "2c2095e1-8501-4575-9479-6e581cb0bc0d",
    "data": [
      {
        "text": "Tatiana",
        "userDefined": false
      }
    ],
    "isTemplate": false,
    "count": 0,
    "updated": 0
  }
]