[
  {
    "id": "9adfa652-c729-4043-b3f3-ea78e6622fc5",
    "data": [
      {
        "text": "Move to question ",
        "userDefined": false
      },
      {
        "text": "5",
        "alias": "number",
        "meta": "@sys.number",
        "userDefined": false
      }
    ],
    "isTemplate": false,
    "count": 0,
    "updated": 0
  },
  {
    "id": "13acfeff-b35f-46d3-aafc-916b82e77509",
    "data": [
      {
        "text": "Raquel",
        "userDefined": false
      }
    ],
    "isTemplate": false,
    "count": 0,
    "updated": 0
  }
]