[
  {
    "id": "929ad751-cf3b-4202-b41c-710ca4acf062",
    "data": [
      {
        "text": "Move to question ",
        "userDefined": false
      },
      {
        "text": "5",
        "alias": "number",
        "meta": "@sys.number",
        "userDefined": false
      }
    ],
    "isTemplate": false,
    "count": 0,
    "updated": 0
  },
  {
    "id": "277a5b21-841e-469c-91a0-9f5e7a33b66f",
    "data": [
      {
        "text": "Palermo",
        "userDefined": false
      }
    ],
    "isTemplate": false,
    "count": 0,
    "updated": 0
  }
]