[
  {
    "id": "f2a48b2c-6dc9-4b9e-b001-6ecfd33a99cb",
    "data": [
      {
        "text": "Move to question ",
        "userDefined": false
      },
      {
        "text": "4",
        "alias": "answer",
        "meta": "@answer",
        "userDefined": false
      }
    ],
    "isTemplate": false,
    "count": 0,
    "updated": 0
  },
  {
    "id": "5b8f1e28-283d-4e4a-80cc-6ddf10e594ae",
    "data": [
      {
        "text": "sixteen",
        "alias": "answer",
        "meta": "@answer",
        "userDefined": false
      }
    ],
    "isTemplate": false,
    "count": 0,
    "updated": 0
  },
  {
    "id": "394b9f59-769c-4359-aa45-a7e7600e944d",
    "data": [
      {
        "text": "16",
        "alias": "answer",
        "meta": "@answer",
        "userDefined": false
      }
    ],
    "isTemplate": false,
    "count": 0,
    "updated": 0
  }
]