[
  {
    "id": "7c7092db-43ae-4a30-be50-cedecb77ac1f",
    "data": [
      {
        "text": "Move to question ",
        "userDefined": false
      },
      {
        "text": "5",
        "alias": "number",
        "meta": "@sys.number",
        "userDefined": false
      }
    ],
    "isTemplate": false,
    "count": 0,
    "updated": 0
  },
  {
    "id": "d18dc93d-9ec9-491b-b841-bb9d3b481d1b",
    "data": [
      {
        "text": "27",
        "userDefined": false
      }
    ],
    "isTemplate": false,
    "count": 0,
    "updated": 0
  }
]