[
  {
    "id": "5c11a0cc-1e31-48c9-95a4-ac32b0f36071",
    "data": [
      {
        "text": "Afghanistan",
        "alias": "geo-country",
        "meta": "@sys.geo-country",
        "userDefined": false
      }
    ],
    "isTemplate": false,
    "count": 0,
    "updated": 0
  },
  {
    "id": "6e9b264e-7b49-435c-b527-e5319b7f2abc",
    "data": [
      {
        "text": "Syria",
        "alias": "geo-country",
        "meta": "@sys.geo-country",
        "userDefined": false
      }
    ],
    "isTemplate": false,
    "count": 0,
    "updated": 0
  }
]