[
  {
    "id": "fc2aa236-7360-46cf-8b88-2184036b1200",
    "data": [
      {
        "text": "April 27th, 2018",
        "meta": "@sys.ignore",
        "userDefined": false
      }
    ],
    "isTemplate": false,
    "count": 0,
    "updated": 0
  },
  {
    "id": "8ce690c0-3199-40a2-8eb4-75a1c435fa5c",
    "data": [
      {
        "text": "April 8th, 2017",
        "meta": "@sys.ignore",
        "userDefined": false
      }
    ],
    "isTemplate": false,
    "count": 0,
    "updated": 0
  }
]