[
  {
    "id": "45fa93a8-f66c-4b6b-8002-3728bc318d9f",
    "data": [
      {
        "text": "Move to question 4",
        "userDefined": false
      }
    ],
    "isTemplate": false,
    "count": 0,
    "updated": 0
  },
  {
    "id": "fa332c73-8bc6-43ec-a1b8-6d4e4d8e13ea",
    "data": [
      {
        "text": "Sergio",
        "userDefined": false
      }
    ],
    "isTemplate": false,
    "count": 0,
    "updated": 0
  },
  {
    "id": "eba1d323-93a6-4756-ba60-feaa2dd39322",
    "data": [
      {
        "text": "Sergio Marquina",
        "userDefined": false
      }
    ],
    "isTemplate": false,
    "count": 0,
    "updated": 0
  }
]