[
  {
    "id": "76393532-faa6-4443-9991-541de74d681a",
    "data": [
      {
        "text": "Blackmarket",
        "userDefined": false
      }
    ],
    "isTemplate": false,
    "count": 0,
    "updated": 0
  },
  {
    "id": "c0611589-c7fd-4d6b-ab05-8b42bc3ed9b2",
    "data": [
      {
        "text": "Move to question ",
        "userDefined": false
      },
      {
        "text": "3",
        "alias": "number",
        "meta": "@sys.number",
        "userDefined": false
      }
    ],
    "isTemplate": false,
    "count": 0,
    "updated": 0
  }
]