[
  {
    "id": "77dbb6ae-79c5-4bf0-b4b3-8a8bf4a1c51c",
    "data": [
      {
        "text": "Spain",
        "alias": "geo-country",
        "meta": "@sys.geo-country",
        "userDefined": false
      }
    ],
    "isTemplate": false,
    "count": 0,
    "updated": 0
  },
  {
    "id": "69202ee7-3db4-4270-afe9-3da1de2fd666",
    "data": [
      {
        "text": "Barbados",
        "alias": "geo-country",
        "meta": "@sys.geo-country",
        "userDefined": false
      }
    ],
    "isTemplate": false,
    "count": 0,
    "updated": 0
  }
]