[
  {
    "id": "07095a68-b282-41e6-8bac-e16c2e38a37c",
    "data": [
      {
        "text": "Risk Analytics Expert",
        "userDefined": false
      }
    ],
    "isTemplate": false,
    "count": 0,
    "updated": 0
  },
  {
    "id": "b6bf2805-ec2c-43ad-a041-c7d072784e83",
    "data": [
      {
        "text": "Move to question ",
        "userDefined": false
      },
      {
        "text": "5",
        "meta": "@sys.ignore",
        "userDefined": false
      }
    ],
    "isTemplate": false,
    "count": 0,
    "updated": 0
  }
]