[
  {
    "id": "3cd40faf-2220-4692-8014-dc87df41b4b4",
    "data": [
      {
        "text": "hard",
        "userDefined": false
      }
    ],
    "isTemplate": false,
    "count": 0,
    "updated": 0
  },
  {
    "id": "02ac2648-fad9-49c7-82b8-c112fa58eb6f",
    "data": [
      {
        "text": "Season ",
        "userDefined": false
      },
      {
        "text": "2",
        "alias": "number",
        "meta": "@sys.number",
        "userDefined": false
      },
      {
        "text": " hard",
        "userDefined": false
      }
    ],
    "isTemplate": false,
    "count": 0,
    "updated": 0
  }
]