[
  {
    "id": "85349b72-2e6d-4508-9c88-171733662c4a",
    "data": [
      {
        "text": "hard",
        "userDefined": false
      }
    ],
    "isTemplate": false,
    "count": 0,
    "updated": 0
  },
  {
    "id": "7b7c56c4-b7d8-4b02-8f86-a2c2a2b6aac4",
    "data": [
      {
        "text": "season 3 hard",
        "userDefined": false
      }
    ],
    "isTemplate": false,
    "count": 0,
    "updated": 0
  },
  {
    "id": "28c8f9bb-1bae-4300-bd4d-035374694f4b",
    "data": [
      {
        "text": "season hard",
        "userDefined": false
      }
    ],
    "isTemplate": false,
    "count": 0,
    "updated": 0
  }
]