[
  {
    "id": "292395ed-3253-4312-bd70-24fde759a21b",
    "data": [
      {
        "text": "Fake killing of hosatages",
        "userDefined": false
      }
    ],
    "isTemplate": false,
    "count": 0,
    "updated": 0
  },
  {
    "id": "9c3a56dd-6829-47c3-a23d-da6df0be4142",
    "data": [
      {
        "text": "Move to question ",
        "userDefined": false
      },
      {
        "text": "4",
        "alias": "answer",
        "meta": "@answer",
        "userDefined": false
      }
    ],
    "isTemplate": false,
    "count": 0,
    "updated": 0
  }
]