[
  {
    "id": "7a8155f4-9911-4537-b282-3d3df918952b",
    "data": [
      {
        "text": "3 Million Swiss Franc",
        "meta": "@sys.ignore",
        "userDefined": false
      }
    ],
    "isTemplate": false,
    "count": 0,
    "updated": 0
  },
  {
    "id": "5f9d6919-63f4-4195-ab87-79964dfc28cd",
    "data": [
      {
        "text": "2.5 Million Euros",
        "meta": "@sys.ignore",
        "userDefined": false
      }
    ],
    "isTemplate": false,
    "count": 0,
    "updated": 0
  }
]