[
  {
    "id": "006529b9-d118-4366-9005-7fbaa77af5a0",
    "data": [
      {
        "text": "Move to question ",
        "userDefined": false
      },
      {
        "text": "3",
        "alias": "number",
        "meta": "@sys.number",
        "userDefined": false
      }
    ],
    "isTemplate": false,
    "count": 0,
    "updated": 0
  },
  {
    "id": "29b0ec91-cb7d-4a0f-b0fc-9cb45a3e02da",
    "data": [
      {
        "text": "Tokyo",
        "userDefined": false
      }
    ],
    "isTemplate": false,
    "count": 0,
    "updated": 0
  }
]