[
  {
    "id": "acca6e09-ca94-4885-8c27-cfe137ff2195",
    "data": [
      {
        "text": "Move to question ",
        "userDefined": false
      },
      {
        "text": "2",
        "alias": "number",
        "meta": "@sys.number",
        "userDefined": false
      }
    ],
    "isTemplate": false,
    "count": 0,
    "updated": 0
  },
  {
    "id": "79b92136-b052-48fe-9307-f320663b8a5f",
    "data": [
      {
        "text": "Toledo",
        "alias": "geo-state",
        "meta": "@sys.geo-state",
        "userDefined": false
      }
    ],
    "isTemplate": false,
    "count": 0,
    "updated": 0
  }
]