[
  {
    "id": "d50891bc-3928-4796-ae3d-3fe2471eafbb",
    "data": [
      {
        "text": "Move to question ",
        "userDefined": false
      },
      {
        "text": "3",
        "meta": "@sys.ignore",
        "userDefined": false
      }
    ],
    "isTemplate": false,
    "count": 0,
    "updated": 0
  },
  {
    "id": "e8308715-1de4-4ac4-aa94-521fca6f93fc",
    "data": [
      {
        "text": "Tokyo",
        "userDefined": false
      }
    ],
    "isTemplate": false,
    "count": 0,
    "updated": 0
  }
]