[
  {
    "id": "2602f2b4-c16b-425e-8220-487bec1e65e1",
    "data": [
      {
        "text": "Blackmarket",
        "userDefined": false
      }
    ],
    "isTemplate": false,
    "count": 0,
    "updated": 0
  },
  {
    "id": "b7cae320-ccdb-466e-aabf-50bd26bb6b19",
    "data": [
      {
        "text": "Move to question ",
        "userDefined": false
      },
      {
        "text": "3",
        "alias": "number",
        "meta": "@sys.number",
        "userDefined": false
      }
    ],
    "isTemplate": false,
    "count": 0,
    "updated": 0
  }
]