[
  {
    "id": "2ce20a1b-d02f-48c4-9e74-a5bc6d060954",
    "data": [
      {
        "text": "Move to question ",
        "userDefined": false
      },
      {
        "text": "5",
        "alias": "number",
        "meta": "@sys.number",
        "userDefined": false
      }
    ],
    "isTemplate": false,
    "count": 0,
    "updated": 0
  },
  {
    "id": "96dd7c21-e923-4ade-80a8-049e1e0a697a",
    "data": [
      {
        "text": "glasses",
        "userDefined": false
      }
    ],
    "isTemplate": false,
    "count": 0,
    "updated": 0
  },
  {
    "id": "02f377b4-83a5-4f58-bbb0-bc55097fbabb",
    "data": [
      {
        "text": "The glasses",
        "userDefined": false
      }
    ],
    "isTemplate": false,
    "count": 0,
    "updated": 0
  }
]