[
  {
    "id": "b1acc126-60e6-4f58-969d-6c22ef72b3cb",
    "data": [
      {
        "text": "Move to question ",
        "userDefined": false
      },
      {
        "text": "5",
        "alias": "number",
        "meta": "@sys.number",
        "userDefined": false
      }
    ],
    "isTemplate": false,
    "count": 0,
    "updated": 0
  },
  {
    "id": "3efd2c01-09d9-4e27-a747-d597f0b01987",
    "data": [
      {
        "text": "Guna Yala",
        "userDefined": false
      }
    ],
    "isTemplate": false,
    "count": 0,
    "updated": 0
  }
]