[
  {
    "id": "88ddca8e-8605-4311-b9ee-b36b95bdd8db",
    "data": [
      {
        "text": "Afghanistan",
        "alias": "geo-country",
        "meta": "@sys.geo-country",
        "userDefined": false
      }
    ],
    "isTemplate": false,
    "count": 0,
    "updated": 0
  },
  {
    "id": "adf1de31-4a92-4736-b8d2-4015192b368f",
    "data": [
      {
        "text": "Syria",
        "alias": "geo-country",
        "meta": "@sys.geo-country",
        "userDefined": false
      }
    ],
    "isTemplate": false,
    "count": 0,
    "updated": 0
  }
]