[
  {
    "id": "2d087e90-ac23-474e-9c8c-51c2ad67d0d5",
    "data": [
      {
        "text": "Move to question ",
        "userDefined": false
      },
      {
        "text": "3",
        "alias": "number",
        "meta": "@sys.number",
        "userDefined": false
      }
    ],
    "isTemplate": false,
    "count": 0,
    "updated": 0
  },
  {
    "id": "d85e316b-44cb-4c0e-a80d-07dbee71f27b",
    "data": [
      {
        "text": "berlin",
        "userDefined": false
      }
    ],
    "isTemplate": false,
    "count": 0,
    "updated": 0
  },
  {
    "id": "e045de40-47d4-4f8c-8ad6-feb40995c875",
    "data": [
      {
        "text": "tokyo",
        "userDefined": false
      }
    ],
    "isTemplate": false,
    "count": 0,
    "updated": 0
  },
  {
    "id": "e22b26a6-8426-4ded-a359-95118d69af25",
    "data": [
      {
        "text": "Tokyo and Berlin",
        "userDefined": false
      }
    ],
    "isTemplate": false,
    "count": 0,
    "updated": 0
  }
]