[
  {
    "id": "9ffa7f7c-fe4c-421b-bb6a-a5ee2de53083",
    "data": [
      {
        "text": "Move to question ",
        "userDefined": false
      },
      {
        "text": "4",
        "alias": "answer",
        "meta": "@answer",
        "userDefined": false
      }
    ],
    "isTemplate": false,
    "count": 0,
    "updated": 0
  },
  {
    "id": "2175f670-00b3-4036-bdd8-e28af1ca3055",
    "data": [
      {
        "text": "Canillas",
        "userDefined": false
      }
    ],
    "isTemplate": false,
    "count": 0,
    "updated": 0
  }
]