[
  {
    "id": "f6465476-13d6-487c-a266-ddc4bed16cd9",
    "data": [
      {
        "text": "Move to question ",
        "userDefined": false
      },
      {
        "text": "3",
        "alias": "number",
        "meta": "@sys.number",
        "userDefined": false
      }
    ],
    "isTemplate": false,
    "count": 0,
    "updated": 0
  },
  {
    "id": "c6abc393-0f87-4d40-8199-cb44e4de4740",
    "data": [
      {
        "text": "Berlin",
        "userDefined": false
      }
    ],
    "isTemplate": false,
    "count": 0,
    "updated": 0
  }
]