[
  {
    "id": "06002986-f82b-428f-93d7-dcbca4c0d1c2",
    "data": [
      {
        "text": "Season4",
        "userDefined": false
      }
    ],
    "isTemplate": false,
    "count": 0,
    "updated": 0
  },
  {
    "id": "05f29131-13b7-4831-a02d-4cc96afa3767",
    "data": [
      {
        "text": "Season ",
        "userDefined": false
      },
      {
        "text": "4",
        "meta": "@sys.ignore",
        "userDefined": false
      }
    ],
    "isTemplate": false,
    "count": 0,
    "updated": 0
  }
]