[
  {
    "id": "e4765269-a62d-43cd-bdb1-8929602ba76d",
    "data": [
      {
        "text": "Move to question ",
        "userDefined": false
      },
      {
        "text": "4",
        "meta": "@sys.ignore",
        "userDefined": false
      }
    ],
    "isTemplate": false,
    "count": 1,
    "updated": 0
  },
  {
    "id": "2f4f62eb-61b1-4af9-a962-2995d21b4921",
    "data": [
      {
        "text": "May 2nd, 2017",
        "meta": "@sys.ignore",
        "userDefined": false
      }
    ],
    "isTemplate": false,
    "count": 0,
    "updated": 0
  }
]