[
  {
    "id": "7ba0c390-8a42-4ef6-95f6-60eccd0166c6",
    "data": [
      {
        "text": "Move to question ",
        "userDefined": false
      },
      {
        "text": "5",
        "alias": "number",
        "meta": "@sys.number",
        "userDefined": false
      }
    ],
    "isTemplate": false,
    "count": 0,
    "updated": 0
  },
  {
    "id": "a59e4d37-5869-4f7f-8bb1-1180b2e8ae87",
    "data": [
      {
        "text": "Palermo",
        "userDefined": false
      }
    ],
    "isTemplate": false,
    "count": 0,
    "updated": 0
  }
]