[
  {
    "id": "55ecebd4-63bc-4d38-b774-bea15750e79a",
    "data": [
      {
        "text": "Move to question ",
        "userDefined": false
      },
      {
        "text": "5",
        "alias": "number",
        "meta": "@sys.number",
        "userDefined": false
      }
    ],
    "isTemplate": false,
    "count": 0,
    "updated": 0
  },
  {
    "id": "15e2a95f-a323-4506-8b93-750a2f89c67d",
    "data": [
      {
        "text": "Helsinki",
        "alias": "geo-city",
        "meta": "@sys.geo-city",
        "userDefined": false
      }
    ],
    "isTemplate": false,
    "count": 0,
    "updated": 0
  }
]