[
  {
    "id": "be213411-965e-4d40-b63c-9b29bedce87c",
    "data": [
      {
        "text": "Move to question ",
        "userDefined": false
      },
      {
        "text": "5",
        "alias": "number",
        "meta": "@sys.number",
        "userDefined": false
      }
    ],
    "isTemplate": false,
    "count": 0,
    "updated": 0
  },
  {
    "id": "402ab06c-0595-4ac4-ae34-cdd907c80384",
    "data": [
      {
        "text": "Guna Yala",
        "userDefined": false
      }
    ],
    "isTemplate": false,
    "count": 0,
    "updated": 0
  }
]