[
  {
    "id": "399a721e-ac89-4552-b37c-be86747eccf1",
    "data": [
      {
        "text": "British ambassador\u0027s kid",
        "userDefined": false
      }
    ],
    "isTemplate": false,
    "count": 0,
    "updated": 0
  },
  {
    "id": "04597214-3377-4e62-93f3-1ec4c34b9f00",
    "data": [
      {
        "text": "kid of British ambassador",
        "userDefined": false
      }
    ],
    "isTemplate": false,
    "count": 0,
    "updated": 0
  },
  {
    "id": "e1364b63-296b-4961-986b-81f1585b4bda",
    "data": [
      {
        "text": "Want to play again?",
        "userDefined": false
      }
    ],
    "isTemplate": false,
    "count": 0,
    "updated": 0
  }
]