[
  {
    "id": "89f2dd8e-c920-46f0-a05f-fb8705d5f79f",
    "data": [
      {
        "text": "Move to question ",
        "userDefined": false
      },
      {
        "text": "2",
        "alias": "number",
        "meta": "@sys.number",
        "userDefined": false
      }
    ],
    "isTemplate": false,
    "count": 0,
    "updated": 0
  },
  {
    "id": "fbac29d7-04f9-42a5-af8d-d5b5e5d2fa02",
    "data": [
      {
        "text": "Alzheimer\u0027s disease",
        "userDefined": false
      }
    ],
    "isTemplate": false,
    "count": 0,
    "updated": 0
  }
]