[
  {
    "id": "2d24b2b1-ec49-4a5f-bded-a3d169363f02",
    "data": [
      {
        "text": "Marseille",
        "userDefined": false
      }
    ],
    "isTemplate": false,
    "count": 0,
    "updated": 0
  },
  {
    "id": "d62d2b4e-bb3e-4401-a5e3-3e1460bc4a82",
    "data": [
      {
        "text": "Move to question ",
        "userDefined": false
      },
      {
        "text": "3",
        "alias": "number",
        "meta": "@sys.number",
        "userDefined": false
      }
    ],
    "isTemplate": false,
    "count": 0,
    "updated": 0
  }
]