[
  {
    "id": "6cad7513-2287-42db-b28d-8ee76dcd6cf8",
    "data": [
      {
        "text": "April 27th, 2018",
        "meta": "@sys.ignore",
        "userDefined": false
      }
    ],
    "isTemplate": false,
    "count": 0,
    "updated": 0
  },
  {
    "id": "dc1208cb-6578-41cf-ae05-2b95f4b1ca21",
    "data": [
      {
        "text": "April 8th, 2017",
        "meta": "@sys.ignore",
        "userDefined": false
      }
    ],
    "isTemplate": false,
    "count": 0,
    "updated": 0
  }
]