[
  {
    "id": "3c1f4846-8398-4526-ad81-1ca34c05cb7e",
    "data": [
      {
        "text": "Fake killing of hosatages",
        "userDefined": false
      }
    ],
    "isTemplate": false,
    "count": 0,
    "updated": 0
  },
  {
    "id": "0811a7bf-4aec-41cc-a986-86c16b62a4ec",
    "data": [
      {
        "text": "Move to question ",
        "userDefined": false
      },
      {
        "text": "4",
        "alias": "answer",
        "meta": "@answer",
        "userDefined": false
      }
    ],
    "isTemplate": false,
    "count": 0,
    "updated": 0
  }
]