[
  {
    "id": "7c045fc6-e1f9-41c8-bef0-8ca7971d5acc",
    "data": [
      {
        "text": "Move to question ",
        "userDefined": false
      },
      {
        "text": "2",
        "alias": "number",
        "meta": "@sys.number",
        "userDefined": false
      }
    ],
    "isTemplate": false,
    "count": 0,
    "updated": 0
  },
  {
    "id": "cfad10c4-310a-4cf8-8813-5ef8beaa9c45",
    "data": [
      {
        "text": "Alzheimer\u0027s disease",
        "userDefined": false
      }
    ],
    "isTemplate": false,
    "count": 0,
    "updated": 0
  }
]