[
  {
    "id": "ca37d959-d5cd-4f70-bd53-4e7fbd442980",
    "data": [
      {
        "text": "Move to question ",
        "userDefined": false
      },
      {
        "text": "5",
        "meta": "@sys.ignore",
        "userDefined": false
      }
    ],
    "isTemplate": false,
    "count": 0,
    "updated": 0
  },
  {
    "id": "b35f2472-0cfa-41fb-bf0b-b007cc8d6187",
    "data": [
      {
        "text": "Seven",
        "meta": "@sys.ignore",
        "userDefined": false
      }
    ],
    "isTemplate": false,
    "count": 0,
    "updated": 0
  }
]