[
  {
    "id": "f3c94827-f85e-4415-aade-edbb5e2e9f23",
    "data": [
      {
        "text": "Move to question ",
        "userDefined": false
      },
      {
        "text": "5",
        "alias": "number",
        "meta": "@sys.number",
        "userDefined": false
      }
    ],
    "isTemplate": false,
    "count": 0,
    "updated": 0
  },
  {
    "id": "79cd3bc7-fbb6-4ad9-80d2-e53d071add72",
    "data": [
      {
        "text": "glasses",
        "userDefined": false
      }
    ],
    "isTemplate": false,
    "count": 0,
    "updated": 0
  },
  {
    "id": "587584b0-fa42-4ce2-8d4f-ae310a802f5a",
    "data": [
      {
        "text": "The glasses",
        "userDefined": false
      }
    ],
    "isTemplate": false,
    "count": 0,
    "updated": 0
  }
]