[
  {
    "id": "4343421e-1c50-475b-b85d-ccf88b30d226",
    "data": [
      {
        "text": "Move to question ",
        "userDefined": false
      },
      {
        "text": "3",
        "meta": "@sys.ignore",
        "userDefined": false
      }
    ],
    "isTemplate": false,
    "count": 0,
    "updated": 0
  },
  {
    "id": "ac243696-9653-40fa-8dc5-4667e90b79e8",
    "data": [
      {
        "text": "Tatiana",
        "userDefined": false
      }
    ],
    "isTemplate": false,
    "count": 0,
    "updated": 0
  }
]