[
  {
    "id": "5f9a21c6-6650-4776-94b4-fe0a38c4c6d6",
    "data": [
      {
        "text": "Move to question ",
        "userDefined": false
      },
      {
        "text": "2",
        "meta": "@sys.ignore",
        "userDefined": false
      }
    ],
    "isTemplate": false,
    "count": 0,
    "updated": 0
  },
  {
    "id": "9b9896df-5ab6-43b7-8abb-d001dcc5f78e",
    "data": [
      {
        "text": "Manila",
        "userDefined": false
      }
    ],
    "isTemplate": false,
    "count": 0,
    "updated": 0
  }
]