[
  {
    "id": "8cc7fbca-889e-4fe3-88d9-3814c3ee3950",
    "data": [
      {
        "text": "Season",
        "userDefined": false
      },
      {
        "text": "1",
        "alias": "number",
        "meta": "@sys.number",
        "userDefined": false
      }
    ],
    "isTemplate": false,
    "count": 0,
    "updated": 0
  },
  {
    "id": "004d0fbf-0e10-4aca-adbe-38e662a5dc2c",
    "data": [
      {
        "text": "Season ",
        "userDefined": false
      },
      {
        "text": "1",
        "alias": "number",
        "meta": "@sys.number",
        "userDefined": false
      }
    ],
    "isTemplate": false,
    "count": 0,
    "updated": 0
  }
]