[
  {
    "id": "1bb49129-e3a3-4893-a8e4-d9c34778c185",
    "data": [
      {
        "text": "Move to question ",
        "userDefined": false
      },
      {
        "text": "5",
        "alias": "number",
        "meta": "@sys.number",
        "userDefined": false
      }
    ],
    "isTemplate": false,
    "count": 0,
    "updated": 0
  },
  {
    "id": "e84d8ad9-6517-4960-817a-e08a2b981a9e",
    "data": [
      {
        "text": "27",
        "userDefined": false
      }
    ],
    "isTemplate": false,
    "count": 0,
    "updated": 0
  }
]