[
  {
    "id": "68fec975-9942-4016-b13e-c99da650c3be",
    "data": [
      {
        "text": "3 Million Swiss Franc",
        "meta": "@sys.ignore",
        "userDefined": false
      }
    ],
    "isTemplate": false,
    "count": 0,
    "updated": 0
  },
  {
    "id": "a64370ad-2203-40b6-8dbf-fb73d9515367",
    "data": [
      {
        "text": "2.5 Million Euros",
        "meta": "@sys.ignore",
        "userDefined": false
      }
    ],
    "isTemplate": false,
    "count": 0,
    "updated": 0
  }
]