[
  {
    "id": "632a9eb1-4e49-4e56-8346-bc9dc4730f92",
    "data": [
      {
        "text": "Move to question ",
        "userDefined": false
      },
      {
        "text": "3",
        "alias": "number",
        "meta": "@sys.number",
        "userDefined": false
      }
    ],
    "isTemplate": false,
    "count": 0,
    "updated": 0
  },
  {
    "id": "21afa644-b8f2-47ff-b556-d902cb353223",
    "data": [
      {
        "text": "Urgencias",
        "userDefined": false
      }
    ],
    "isTemplate": false,
    "count": 0,
    "updated": 0
  }
]