[
  {
    "id": "d680374f-878c-455c-9323-00d640f07703",
    "data": [
      {
        "text": "An island in ",
        "userDefined": false
      },
      {
        "text": "Thailand",
        "alias": "geo-country",
        "meta": "@sys.geo-country",
        "userDefined": false
      }
    ],
    "isTemplate": false,
    "count": 0,
    "updated": 0
  },
  {
    "id": "29dd891d-cbdd-4870-a0fc-4afb780b9fa1",
    "data": [
      {
        "text": "Move to question ",
        "userDefined": false
      },
      {
        "text": "2",
        "alias": "number",
        "meta": "@sys.number",
        "userDefined": false
      }
    ],
    "isTemplate": false,
    "count": 0,
    "updated": 0
  }
]