[
  {
    "id": "48ff2db0-1bbd-45c8-9496-6bbf32894f60",
    "data": [
      {
        "text": "Move to question ",
        "userDefined": false
      },
      {
        "text": "4",
        "alias": "answer",
        "meta": "@answer",
        "userDefined": false
      }
    ],
    "isTemplate": false,
    "count": 0,
    "updated": 0
  },
  {
    "id": "8abb608a-f90e-4590-8c5b-09527e487c5f",
    "data": [
      {
        "text": "Professor",
        "userDefined": false
      }
    ],
    "isTemplate": false,
    "count": 0,
    "updated": 0
  }
]