[
  {
    "id": "44404721-ad09-4564-bb05-c649e0b626d3",
    "data": [
      {
        "text": "Move to question ",
        "userDefined": false
      },
      {
        "text": "4",
        "alias": "answer",
        "meta": "@answer",
        "userDefined": false
      }
    ],
    "isTemplate": false,
    "count": 0,
    "updated": 0
  },
  {
    "id": "f803e00d-6d76-4f39-b31c-941ad217598e",
    "data": [
      {
        "text": "Álvaro Morte",
        "userDefined": false
      }
    ],
    "isTemplate": false,
    "count": 0,
    "updated": 0
  }
]