[
  {
    "id": "96992e6f-d144-493e-8c8a-f0a8c24def81",
    "data": [
      {
        "text": "Season",
        "userDefined": false
      },
      {
        "text": "1",
        "alias": "number",
        "meta": "@sys.number",
        "userDefined": false
      }
    ],
    "isTemplate": false,
    "count": 0,
    "updated": 0
  },
  {
    "id": "b2b79d1c-9e39-4693-af14-306f19c21ce6",
    "data": [
      {
        "text": "Season ",
        "userDefined": false
      },
      {
        "text": "1",
        "alias": "number",
        "meta": "@sys.number",
        "userDefined": false
      }
    ],
    "isTemplate": false,
    "count": 0,
    "updated": 0
  }
]