[
  {
    "id": "8a73c97e-a0aa-48d6-bd4d-f9c50a3db814",
    "data": [
      {
        "text": "hard",
        "userDefined": false
      }
    ],
    "isTemplate": false,
    "count": 0,
    "updated": 0
  },
  {
    "id": "57778b99-5a44-4bf5-8f54-c31ef06c135d",
    "data": [
      {
        "text": "Season ",
        "userDefined": false
      },
      {
        "text": "2",
        "alias": "number",
        "meta": "@sys.number",
        "userDefined": false
      },
      {
        "text": " hard",
        "userDefined": false
      }
    ],
    "isTemplate": false,
    "count": 0,
    "updated": 0
  }
]