[
  {
    "id": "6d6c24a9-4b87-4949-8daa-a7467dbefaef",
    "data": [
      {
        "text": "Move to question ",
        "userDefined": false
      },
      {
        "text": "5",
        "alias": "number",
        "meta": "@sys.number",
        "userDefined": false
      }
    ],
    "isTemplate": false,
    "count": 0,
    "updated": 0
  },
  {
    "id": "89d41ac4-0a8b-44b5-a1ab-0f6d5408d9e7",
    "data": [
      {
        "text": "Paula",
        "userDefined": false
      }
    ],
    "isTemplate": false,
    "count": 0,
    "updated": 0
  }
]