[
  {
    "id": "3bd5a451-59eb-4904-b9c1-8cbd374cc9d4",
    "data": [
      {
        "text": "Move to question ",
        "userDefined": false
      },
      {
        "text": "3",
        "alias": "number",
        "meta": "@sys.number",
        "userDefined": false
      }
    ],
    "isTemplate": false,
    "count": 0,
    "updated": 0
  },
  {
    "id": "0ff04354-93d3-4ef8-97e0-7b73d1fc23d0",
    "data": [
      {
        "text": "Najwa Nimri",
        "userDefined": false
      }
    ],
    "isTemplate": false,
    "count": 0,
    "updated": 0
  }
]