[
  {
    "id": "37c414f8-80e1-442b-ad6d-685c04c1aeab",
    "data": [
      {
        "text": "Move to question ",
        "userDefined": false
      },
      {
        "text": "4",
        "meta": "@sys.ignore",
        "userDefined": false
      }
    ],
    "isTemplate": false,
    "count": 0,
    "updated": 0
  },
  {
    "id": "956f9999-574d-4e15-a53b-d8be9782973e",
    "data": [
      {
        "text": "One Million Euros",
        "userDefined": false
      }
    ],
    "isTemplate": false,
    "count": 0,
    "updated": 0
  }
]