[
  {
    "id": "9e3b39ff-6b4d-4d15-9d37-83cfc635f21e",
    "data": [
      {
        "text": "Move to question ",
        "userDefined": false
      },
      {
        "text": "2",
        "alias": "number",
        "meta": "@sys.number",
        "userDefined": false
      }
    ],
    "isTemplate": false,
    "count": 1,
    "updated": 0
  },
  {
    "id": "437ad109-5ccf-45ec-82dc-45acd1d85c7a",
    "data": [
      {
        "text": "Augesten Ramos",
        "userDefined": false
      }
    ],
    "isTemplate": false,
    "count": 0,
    "updated": 0
  }
]