[
  {
    "id": "9b7ce443-0904-4ab0-8361-57774402f916",
    "data": [
      {
        "text": "Move to question ",
        "userDefined": false
      },
      {
        "text": "5",
        "alias": "number",
        "meta": "@sys.number",
        "userDefined": false
      }
    ],
    "isTemplate": false,
    "count": 0,
    "updated": 0
  },
  {
    "id": "91d54535-9946-4d9b-8568-11f2c173f0ad",
    "data": [
      {
        "text": "Paula",
        "userDefined": false
      }
    ],
    "isTemplate": false,
    "count": 0,
    "updated": 0
  }
]