[
  {
    "id": "e6b6710e-b8d9-4643-8d3a-a913c31d872b",
    "data": [
      {
        "text": "18",
        "alias": "number",
        "meta": "@sys.number",
        "userDefined": false
      }
    ],
    "isTemplate": false,
    "count": 0,
    "updated": 0
  },
  {
    "id": "e319ad09-11b2-4a3c-b5c0-42b0eaac3abf",
    "data": [
      {
        "text": "26",
        "alias": "number",
        "meta": "@sys.number",
        "userDefined": false
      }
    ],
    "isTemplate": false,
    "count": 0,
    "updated": 0
  }
]