[
  {
    "id": "2476b47d-6dc2-42cc-9bbb-8d92e1b80ed6",
    "data": [
      {
        "text": "Move to question ",
        "userDefined": false
      },
      {
        "text": "2",
        "alias": "number",
        "meta": "@sys.number",
        "userDefined": false
      }
    ],
    "isTemplate": false,
    "count": 1,
    "updated": 0
  },
  {
    "id": "82e727ae-b978-422b-b16a-244aa3eb260d",
    "data": [
      {
        "text": "Augesten Ramos",
        "userDefined": false
      }
    ],
    "isTemplate": false,
    "count": 0,
    "updated": 0
  }
]