[
  {
    "id": "30ead0c5-13da-4d6f-9a9e-9d5b232527bd",
    "data": [
      {
        "text": "Move to question ",
        "userDefined": false
      },
      {
        "text": "2",
        "alias": "number",
        "meta": "@sys.number",
        "userDefined": false
      }
    ],
    "isTemplate": false,
    "count": 0,
    "updated": 0
  },
  {
    "id": "ff634fee-1482-4d2c-939c-6db7a69e4da2",
    "data": [
      {
        "text": "Philippines",
        "userDefined": false
      }
    ],
    "isTemplate": false,
    "count": 0,
    "updated": 0
  }
]