[
  {
    "id": "d3df2392-ac0d-4615-8e52-8bbe9a1c65e0",
    "data": [
      {
        "text": "Seven",
        "meta": "@sys.ignore",
        "userDefined": false
      }
    ],
    "isTemplate": false,
    "count": 0,
    "updated": 0
  },
  {
    "id": "dcb4a151-704b-41fb-8585-e2041b2c72ab",
    "data": [
      {
        "text": "Ten",
        "meta": "@sys.ignore",
        "userDefined": false
      }
    ],
    "isTemplate": false,
    "count": 0,
    "updated": 0
  },
  {
    "id": "9f4da701-3ced-4111-8a0c-53403d268023",
    "data": [
      {
        "text": "Nine",
        "meta": "@sys.ignore",
        "userDefined": false
      }
    ],
    "isTemplate": false,
    "count": 0,
    "updated": 0
  }
]