[
  {
    "id": "b1dcd09c-e183-44d2-97ff-317c722a79ab",
    "data": [
      {
        "text": "Martin",
        "userDefined": false
      }
    ],
    "isTemplate": false,
    "count": 0,
    "updated": 0
  },
  {
    "id": "83e39659-82d8-45b6-9cbe-755cf5260b98",
    "data": [
      {
        "text": "Move to question ",
        "userDefined": false
      },
      {
        "text": "6",
        "alias": "number",
        "meta": "@sys.number",
        "userDefined": false
      }
    ],
    "isTemplate": false,
    "count": 0,
    "updated": 0
  }
]