[
  {
    "id": "a878aa1b-93f0-451e-9e30-18a7d955e6a8",
    "data": [
      {
        "text": "Move to question ",
        "userDefined": false
      },
      {
        "text": "4",
        "alias": "answer",
        "meta": "@answer",
        "userDefined": false
      }
    ],
    "isTemplate": false,
    "count": 0,
    "updated": 0
  },
  {
    "id": "4eb3df77-a82d-4d49-9f49-d94e93320901",
    "data": [
      {
        "text": "sixteen",
        "alias": "answer",
        "meta": "@answer",
        "userDefined": false
      }
    ],
    "isTemplate": false,
    "count": 0,
    "updated": 0
  },
  {
    "id": "7caa7790-6267-4719-9249-3e33172bf58b",
    "data": [
      {
        "text": "16",
        "alias": "answer",
        "meta": "@answer",
        "userDefined": false
      }
    ],
    "isTemplate": false,
    "count": 0,
    "updated": 0
  }
]