[
  {
    "id": "20d1304b-2f5d-4b46-9813-9c25af48be07",
    "data": [
      {
        "text": "Move to question ",
        "userDefined": false
      },
      {
        "text": "3",
        "alias": "number",
        "meta": "@sys.number",
        "userDefined": false
      }
    ],
    "isTemplate": false,
    "count": 0,
    "updated": 0
  },
  {
    "id": "b14e7898-1c10-44e4-b41e-e2696a0b8ede",
    "data": [
      {
        "text": "Tokyo",
        "userDefined": false
      }
    ],
    "isTemplate": false,
    "count": 0,
    "updated": 0
  }
]