[
  {
    "id": "0ba3ed88-991a-4e24-9298-6676fc4839d6",
    "data": [
      {
        "text": "Move to question ",
        "userDefined": false
      },
      {
        "text": "3",
        "meta": "@sys.ignore",
        "userDefined": false
      }
    ],
    "isTemplate": false,
    "count": 0,
    "updated": 0
  },
  {
    "id": "d731513e-5330-4e82-81b7-36f00fd31efe",
    "data": [
      {
        "text": "Tokyo",
        "userDefined": false
      }
    ],
    "isTemplate": false,
    "count": 0,
    "updated": 0
  }
]