[
  {
    "id": "2ccb7c9e-3360-478c-ac21-0b5b6ad9669c",
    "data": [
      {
        "text": "Move to question ",
        "userDefined": false
      },
      {
        "text": "3",
        "alias": "number",
        "meta": "@sys.number",
        "userDefined": false
      }
    ],
    "isTemplate": false,
    "count": 0,
    "updated": 0
  },
  {
    "id": "8df5ad5a-3c96-472f-bc98-8e633dab85ff",
    "data": [
      {
        "text": "Maserati",
        "userDefined": false
      }
    ],
    "isTemplate": false,
    "count": 0,
    "updated": 0
  }
]