[
  {
    "id": "cc5f78e6-2f7f-418a-80e0-079a4d7cf7ff",
    "data": [
      {
        "text": "Yeah sure",
        "userDefined": false
      }
    ],
    "isTemplate": false,
    "count": 0,
    "updated": 0
  },
  {
    "id": "609620a3-7756-49a1-8cb8-d27551539d9a",
    "data": [
      {
        "text": "Yes I would like to play",
        "userDefined": false
      }
    ],
    "isTemplate": false,
    "count": 0,
    "updated": 0
  },
  {
    "id": "f9b73d19-2006-4581-bee3-002a610ec8bd",
    "data": [
      {
        "text": "Yes sure",
        "userDefined": false
      }
    ],
    "isTemplate": false,
    "count": 0,
    "updated": 0
  },
  {
    "id": "7828fb20-ceeb-4448-b23b-cefdeab4fd09",
    "data": [
      {
        "text": "Yeah",
        "userDefined": false
      }
    ],
    "isTemplate": false,
    "count": 0,
    "updated": 0
  },
  {
    "id": "16710f6c-55ba-40bc-8c10-e4255b6fad34",
    "data": [
      {
        "text": "Yes",
        "userDefined": false
      }
    ],
    "isTemplate": false,
    "count": 0,
    "updated": 0
  }
]