[
  {
    "id": "f0504953-d873-4bcd-afdb-3d0882c0153f",
    "data": [
      {
        "text": "Spain",
        "alias": "geo-country",
        "meta": "@sys.geo-country",
        "userDefined": false
      }
    ],
    "isTemplate": false,
    "count": 0,
    "updated": 0
  },
  {
    "id": "6f5ceaeb-9e82-4efc-86aa-70148260dc91",
    "data": [
      {
        "text": "Barbados",
        "alias": "geo-country",
        "meta": "@sys.geo-country",
        "userDefined": false
      }
    ],
    "isTemplate": false,
    "count": 0,
    "updated": 0
  }
]