[
  {
    "id": "9278451a-f331-40f8-9f9f-60ada5abf68c",
    "data": [
      {
        "text": "Marseille",
        "userDefined": false
      }
    ],
    "isTemplate": false,
    "count": 0,
    "updated": 0
  },
  {
    "id": "752e4eea-2013-42bc-b0c2-33c32b56501e",
    "data": [
      {
        "text": "Move to question ",
        "userDefined": false
      },
      {
        "text": "3",
        "alias": "number",
        "meta": "@sys.number",
        "userDefined": false
      }
    ],
    "isTemplate": false,
    "count": 0,
    "updated": 0
  }
]