[
  {
    "id": "ff6c736d-0947-435b-b03b-e94b64543aa4",
    "data": [
      {
        "text": "Move to question ",
        "userDefined": false
      },
      {
        "text": "4",
        "meta": "@sys.ignore",
        "userDefined": false
      }
    ],
    "isTemplate": false,
    "count": 1,
    "updated": 0
  },
  {
    "id": "5f30cca2-602d-4023-a6c8-c87eadea2caa",
    "data": [
      {
        "text": "May 2nd, 2017",
        "meta": "@sys.ignore",
        "userDefined": false
      }
    ],
    "isTemplate": false,
    "count": 0,
    "updated": 0
  }
]