[
  {
    "id": "b53f45ca-68d9-4b22-85ad-538719075b46",
    "data": [
      {
        "text": "Move to question ",
        "userDefined": false
      },
      {
        "text": "2",
        "alias": "number",
        "meta": "@sys.number",
        "userDefined": false
      }
    ],
    "isTemplate": false,
    "count": 0,
    "updated": 0
  },
  {
    "id": "b0e831e9-33eb-45c3-bae4-aa196e6516ec",
    "data": [
      {
        "text": "Your Lover Boy",
        "userDefined": false
      }
    ],
    "isTemplate": false,
    "count": 0,
    "updated": 0
  }
]