[
  {
    "id": "73035779-4e88-456b-adfd-120e6a11f66f",
    "data": [
      {
        "text": "An island in ",
        "userDefined": false
      },
      {
        "text": "Thailand",
        "alias": "geo-country",
        "meta": "@sys.geo-country",
        "userDefined": false
      }
    ],
    "isTemplate": false,
    "count": 0,
    "updated": 0
  },
  {
    "id": "84464aa2-21bb-41b8-b38b-9f009e7537d2",
    "data": [
      {
        "text": "Move to question ",
        "userDefined": false
      },
      {
        "text": "2",
        "alias": "number",
        "meta": "@sys.number",
        "userDefined": false
      }
    ],
    "isTemplate": false,
    "count": 0,
    "updated": 0
  }
]