[
  {
    "id": "4d2b0d59-b766-4752-b5f6-7d4c486f32b3",
    "data": [
      {
        "text": "Move to question ",
        "userDefined": false
      },
      {
        "text": "2",
        "meta": "@sys.ignore",
        "userDefined": false
      }
    ],
    "isTemplate": false,
    "count": 1,
    "updated": 0
  },
  {
    "id": "832a6307-05e1-4d33-9c32-69aac31ce00e",
    "data": [
      {
        "text": "1-",
        "userDefined": false
      },
      {
        "text": "4",
        "meta": "@sys.ignore",
        "userDefined": false
      },
      {
        "text": " Years",
        "userDefined": false
      }
    ],
    "isTemplate": false,
    "count": 0,
    "updated": 0
  }
]