[
  {
    "id": "94ef8eab-9c3a-479e-8a31-5bdb36baedf7",
    "data": [
      {
        "text": "Move to question ",
        "userDefined": false
      },
      {
        "text": "3",
        "alias": "number",
        "meta": "@sys.number",
        "userDefined": false
      }
    ],
    "isTemplate": false,
    "count": 0,
    "updated": 0
  },
  {
    "id": "d4d8c46a-50ae-4b1f-86c6-0a25d3ed02b4",
    "data": [
      {
        "text": "Urgencias",
        "userDefined": false
      }
    ],
    "isTemplate": false,
    "count": 0,
    "updated": 0
  }
]