[
  {
    "id": "794b860b-5cfc-447b-814f-f9d2ff175545",
    "data": [
      {
        "text": "8",
        "alias": "number",
        "meta": "@sys.number",
        "userDefined": false
      }
    ],
    "isTemplate": false,
    "count": 0,
    "updated": 0
  },
  {
    "id": "7db8404c-8e71-4cf4-bb4d-e59464c226d5",
    "data": [
      {
        "text": "20",
        "alias": "number",
        "meta": "@sys.number",
        "userDefined": false
      }
    ],
    "isTemplate": false,
    "count": 0,
    "updated": 0
  }
]