[
  {
    "id": "7911efa9-792f-4464-90a7-a513134ad62e",
    "data": [
      {
        "text": "Move to question ",
        "userDefined": false
      },
      {
        "text": "4",
        "meta": "@sys.ignore",
        "userDefined": false
      }
    ],
    "isTemplate": false,
    "count": 0,
    "updated": 0
  },
  {
    "id": "9fb2f678-3ff5-429a-80ed-c00aa4007325",
    "data": [
      {
        "text": "Bogota",
        "userDefined": false
      }
    ],
    "isTemplate": false,
    "count": 0,
    "updated": 0
  }
]