[
  {
    "id": "ec43c85b-201c-4197-a6f7-e9370267ff9b",
    "data": [
      {
        "text": "Chinese Blackmarket",
        "userDefined": false
      }
    ],
    "isTemplate": false,
    "count": 0,
    "updated": 0
  },
  {
    "id": "b92b0dba-c505-47d6-b6ad-d5b997acc575",
    "data": [
      {
        "text": "Poland",
        "alias": "geo-country",
        "meta": "@sys.geo-country",
        "userDefined": false
      }
    ],
    "isTemplate": false,
    "count": 0,
    "updated": 0
  }
]