[
  {
    "id": "50c8ee52-747a-4e17-a45c-2625eb1649a2",
    "data": [
      {
        "text": "Move to question ",
        "userDefined": false
      },
      {
        "text": "3",
        "alias": "number",
        "meta": "@sys.number",
        "userDefined": false
      }
    ],
    "isTemplate": false,
    "count": 0,
    "updated": 0
  },
  {
    "id": "3b67a8c5-e1d5-45c9-af5c-bea7dc7df517",
    "data": [
      {
        "text": "Berlin",
        "userDefined": false
      }
    ],
    "isTemplate": false,
    "count": 0,
    "updated": 0
  }
]