[
  {
    "id": "7cf9f8c1-6b1b-4c32-a7ad-26b77820e40c",
    "data": [
      {
        "text": "Nairobi and Helsinki",
        "userDefined": false
      }
    ],
    "isTemplate": false,
    "count": 0,
    "updated": 0
  },
  {
    "id": "ba6f14e2-6809-4915-bcab-d06270fcbcc7",
    "data": [
      {
        "text": "Moscow and ",
        "userDefined": false
      },
      {
        "text": "Denver",
        "meta": "@sys.ignore",
        "userDefined": false
      }
    ],
    "isTemplate": false,
    "count": 0,
    "updated": 0
  }
]