[
  {
    "id": "db19c363-3f00-4466-9ecc-cef1b6d8ab86",
    "data": [
      {
        "text": "Move to question ",
        "userDefined": false
      },
      {
        "text": "4",
        "alias": "answer",
        "meta": "@answer",
        "userDefined": false
      }
    ],
    "isTemplate": false,
    "count": 0,
    "updated": 0
  },
  {
    "id": "d87edbf2-d2a5-4311-a678-a6cab6b03430",
    "data": [
      {
        "text": "Canillas",
        "userDefined": false
      }
    ],
    "isTemplate": false,
    "count": 0,
    "updated": 0
  }
]