[
  {
    "id": "a36a7b9b-a812-4a1a-9e72-6517c6bc0428",
    "data": [
      {
        "text": "460 Kilos",
        "alias": "unit-weight",
        "meta": "@sys.unit-weight",
        "userDefined": false
      }
    ],
    "isTemplate": false,
    "count": 0,
    "updated": 0
  },
  {
    "id": "2380ac77-6003-4f36-aa4d-9a8c0a76a7a1",
    "data": [
      {
        "text": "Move to question ",
        "userDefined": false
      },
      {
        "text": "5",
        "alias": "number",
        "meta": "@sys.number",
        "userDefined": false
      }
    ],
    "isTemplate": false,
    "count": 0,
    "updated": 0
  }
]